{
  "project_info": {
    "project_number": "770142280528",
    "firebase_url": "https://uberapp-8349a.firebaseio.com",
    "project_id": "uberapp-8349a",
    "storage_bucket": "uberapp-8349a.appspot.com"
  },
  "client": [
    {
      "client_info": {
        "mobilesdk_app_id": "1:770142280528:android:494429d18b824d70",
        "android_client_info": {
          "package_name": "com.example.wreck"
        }
      },
      "oauth_client": [
        {
          "client_id": "770142280528-0hm35ecto0c56of2dhjsuvfncm62sncb.apps.googleusercontent.com",
          "client_type": 1,
          "android_info": {
            "package_name": "com.example.wreck",
            "certificate_hash": "97fc59297b563a6725eb1b94f785f527012f5a27"
          }
        },
        {
          "client_id": "770142280528-5jiq52hn6seiu17mcnj05ri2ipf62lo3.apps.googleusercontent.com",
          "client_type": 3
        }
      ],
      "api_key": [
        {
          "current_key": "AIzaSyDCrQzklOc7VEbmRkTPh91tuCHS50znYQ0"
        }
      ],
      "services": {
        "analytics_service": {
          "status": 1
        },
        "appinvite_service": {
          "status": 2,
          "other_platform_oauth_client": [
            {
              "client_id": "770142280528-5jiq52hn6seiu17mcnj05ri2ipf62lo3.apps.googleusercontent.com",
              "client_type": 3
            }
          ]
        },
        "ads_service": {
          "status": 2
        }
      }
    }
  ],
  "configuration_version": "1"
}